id,product_id,product_name,category,brand,model,base_price,offer_price,product_status,gst_percent,stock_quantity,Department
1,5116877-10699891024,Unbranded Chair,Chairs - Handcrafted,NA ,S TYPE OFFICE CHAIR,8000,8000,Published,18,0,Furniture
2,6894588-68768746728,REVOLVING COMPUTER CHAIRS,Chairs - Handcrafted,NA ,REX L-90,5000,5000,Draft Products,18,0,Furniture
3,5116877-75540633198,1200 MM BLDG Motor Ceiling fan,Table Fan / Wall Mount Fan / Ceiling Mount Fan as per IS 555,NA ,FAN,2599,2599,Published,18,0,Furniture
4,5116877-28329697146,Unbranded Wall Clock for Preschool made up of Virgin Polyethylene,Wall Clock (Preschool Kit),NA ,Wall Clock for Preschool made up of Virgin Polypropylene,650,650,Published,18,0,Electronics
5,5116877-81363847092,J&A RACK 02,Stainless Steel Shelf Rack,NA ,J&A Steel Rack,4800,4800,Published,18,0,Furniture
6,5116877-68391517669,"Unbranded Acrylic Electronic Baby Weighing Scale , Tray Size 550x300x100 mm (WxHxD)",Electronic Baby Weighing Scale - RBSK,NA ,WEIGHING SCALE,6000,6000,Published,18,0,Miscellaneous
7,5116877-59805784424,Unbranded 400 millimeter Bracket mounted fan for Ceiling mounting,Table Fan / Wall Mount Fan / Ceiling Mount Fan as per IS 555,NA ,NA,2609,2609,Published,18,0,Furniture
8,5116877-88897386205,ABS ELECTRONIC BABY WEIGHING SCALE,Electronic Baby Weighing Scale - RBSK,VINCE VIRGO,ELECTRONIC BABY WEIGHING SCALE,5000,5000,Published,18,0,Miscellaneous
9,5116877-59149940624,Unbranded Rectangle Shaped Brown 16-17 Inch of height,PVC molded stool,NA ,PVC MOLDED STOOL,1000,1000,Published,18,0,Furniture
10,5116877-65346171557,SUNDEEP PLASTIC CHAIR,Chair (Preschool Kit),NA ,TOY PLASTIC CHAIR,2250,2250,Published,18,0,Furniture
11,5116877-32865957670,Unbranded Standard Keyboard - Wired - Plug and Play 1 Years,Keyboard for Personal Computers (V2) as per IS 14441,NA ,USB 2.0,4010,4010,Published,18,0,Computer & IT
12,5116877-63756179169,SPB COPIER 70 GSM A4,Plain Copier Paper (V3) ISI Marked to IS 14490,SPB COPIER,SPB COPIER 70 GSM 21 X 29.7 CM,374,374,Published,18,0,Office Supplies
13,5116877-54694508963,Safeage Deposit safe (Non Tool Resistant) An Individually secured container for Paper / Cash / Documents,Deposit Safe (Non Tool Resistant),Safeage,SAFEAGE POST OFFICE SHILLONG MODEL,119890,119890,Published,18,0,Safety & Industrial
14,5116877-13546072459,MAXXIN03,Electronic Weighing Scales,Unbranded--MAXXIN TECH,MAXXIN03,105000,105000,Published,18,0,Miscellaneous
15,5116877-99939750203,EPSON PASSBOOK 128 Kbyte Bankbook or Passbook Update Machines-printer,Bankbook or Passbook Update Machines - Printer,EPSON PASSBOOK,PLQ-30,35990,35990,Published,18,0,Computer & IT
16,5116877-35527170807,TVS Speed 40 Star with 5 years warranty,Bankbook or Passbook Update Machines - Printer,TVS,TVS Speed 40 Star with 5 years warranty,40995,40995,Published,18,0,Computer & IT
17,5116877-16618298648,UNBRANDED Ethylene Vinyl Acetate ( EVA) Yoga Mats 180 centimeter 60centimeter,Yoga Mats,NA ,UNBRANDED  yoga mat 4mm   ( EVA ),399,399,Published,18,0,Sports & Fitness
18,5116877-76559938187,PROCESSOR,Processor for Desktop,Intel,INTEL CORE I5 700T,18000,18000,Published,18,0,Furniture
19,5116877-67232396389,"Unbranded Evaporative Air Coolers (Desert Coolers), Floor Mounted Air Capacity - 2500 m3/hr",Evaporative Air Coolers (Desert Coolers) Conforming To IS 3315,NA ,MI/EAC/25,28500,28500,Published,18,0,Home Appliances
20,5116877-81233619633,Unbranded Class A: 120 Litres Mobile Container for Solid Waste Without Plugged Outlet,Mobile Containers For Solid Waste Conforming to IS 12402,NA ,WBINJ-120,6500,6500,Published,18,0,Miscellaneous
21,5116877-4830048343,PowerX PMB H55 LGA 1156 Socket Support Motherboard,Motherboard for Desktop,power x,PowerX PMB H55 LGA 1156 Socket Support Motherboard,5596,5596,Published,18,0,Furniture
22,5116877-96200679685,Uniball 0.5 mm Blue Capped Plastic Gel Pen,Gel Pen (V3),Uniball,UB-157,80,80,Published,18,0,Office Supplies
23,5116877-33798672249,Solar Street Lighting System - 12w,White - LED Based Solar Street Lighting System,NA ,SSL-12W (75wp),16000,16000,Published,18,0,Electrical
24,5116877-8468600601,PC SMPS 450W,Switch Mode Power Supply (SMPS) as per IS 14886:,NA ,PC 450W,1200,1200,Published,18,0,Computer & IT
25,5116877-49365610011,ZEBRONICS Intel H470 MOTHERBOARD FOR DESKTOP,Motherboard for Desktop,ZEBRONICS,ZEB--H81,5899,5899,Published,18,0,Furniture
26,5116877-89662006421,ZEBRONICS Intel H270 MOTHERBOARD FOR DESKTOP,Motherboard for Desktop,ZEBRONICS,Zebronics H61 Motherboard,6115,6115,Published,18,0,Furniture
27,5116877-90240037085,AARVEX H-81M MOTHERBOARD FOR DESKTOP,Motherboard for Desktop,aarvex,AARVEX H-81M,3950,3950,Published,18,0,Furniture
28,5116877-35897525840,GIGABYTE Intel H310 MOTHERBOARD FOR DESKTOP,Motherboard for Desktop,GIGABYTE,Gigabyte H110M-S2 Supported Socket 1156 For 6th & 7th Gen CPU,18400,18400,Published,18,0,Furniture
29,5116877-84413109444,Intel Core i3-12100F 3.3 GHz Quad-Core LGA 1700 Processor(i3-1200F),Processor for Desktop,Intel,Intel Core i3-12100F 3.3 GHz Quad-Core LGA 1700,33500,33500,Published,18,0,Furniture
30,5116877-62648847122,EVM Random Access Memory (RAM) Card 8 GB,Random Access Memory (RAM) Card (V2),EVM,8GB DDR4 2133,9999,9999,Published,18,0,Computer & IT
31,5116877-75758602973,"Intel Intel 12 Processor, Number of Cores per Processor 6",Processor for Desktop,Intel,Intel i5 12400,28500,28500,Published,18,0,Furniture
32,5116877-84534389892,Wall Clock,Wall Clock (Preschool Kit),SHUBHAM,W-9744,1000,1000,Published,18,0,Electronics
33,5116877-50209570987,Gigabyte H61 MOTHERBOARD DDR 4,Motherboard for Desktop,GIGABYTE,Gigabyte H61 MOTHERBOARD DDR 4,9500,9500,Published,18,0,Furniture
34,5116877-28672412220,(DDR 4 (8 GB) RAM),Random Access Memory (RAM) Card (V2),NA ,(DDR 4 (8 GB) RAM),2500,2500,Published,18,0,Computer & IT
35,5116877-90920318496,LSI MEGARAID,Graphics Card,NA ,9271-8i,32000,32000,Published,18,0,Miscellaneous
36,5116877-58910045704,Motherboard for desktop,Motherboard for Desktop,NA ,H410 MH,9360,9360,Published,18,0,Furniture
37,5116877-82623063715,Unbranded Random Access Memory (RAM) Card 8 GB,Random Access Memory (RAM) Card (V2),NA ,RAM DDR4 8 GB 2666Mhz,3800,3800,Published,18,0,Computer & IT
38,5116877-47931494106,Unbranded Switch Mode Power Supply (SMPS),Switch Mode Power Supply (SMPS) as per IS 14886:,NA ,SMPS,900,900,Published,18,0,Computer & IT
39,5116877-88050746838,B2B COPIER 70 GSM A4,Plain Copier Paper (V3) ISI Marked to IS 14490,B2B COPIER,WESCO B2B 70 GSM A4,360,360,Published,18,0,Office Supplies
40,5116877-39680112694,JK COPIER A3-80GSM,Plain Copier Paper (V3) ISI Marked to IS 14490,jk copier,JK PAPER LTD,845,845,Published,18,0,Office Supplies
41,5116877-37789188490,JK Paper 2.18 kilogram Ream of 500 Sheet 70 gsm A4 size Plain Copier Paper,Plain Copier Paper (V3) ISI Marked to IS 14490,JK Paper,JK PAPER LTD,350,350,Published,18,0,Office Supplies
42,5116877-93035458428,AXELON 1.5 2 Copper Galvanized round steel wire Type C,Control Cable,AXELON,AX-CC1.5SQMM,91,91,Published,18,0,Electrical
43,5116877-87371115010,S TYPE CANE WIRE OFFICE CHAIR,Chairs - Handcrafted,NA ,S TYPE CANE WIRE OFFICE CHAIR,18000,18000,Published,18,0,Furniture
44,6894588-93861616265,office chair,Chairs - Handcrafted,NA ,office chair,5477,5477,Draft Products,18,0,Furniture
45,5116877-39092041508,DURACELL Cylindrical cells (Jacketed cylindrical cells dimensionally intechangeable with primary cells)  C (R14) 1.5 Ah Portable Sealed Rechargeable Single Cells - Nickel-Metal Hydride (Rechargeable Batteries),"Portable Sealed Rechargeable Single Cells - Nickel - Metal Hydride (Rechargeable Batteries) as per IS 16048, 16046",DURACELL,Y3 6135-000006,50,50,Published,18,0,Furniture
46,5116877-35171031226,VO32 BUTTON CELL,Button Cell or Coin Cell Battery,NA ,V032,80,80,Published,18,0,Electrical
47,5116877-34803993381,GIP-RACK6Ft,Stainless Steel Shelf Rack,NA ,GIP-RACK6Ft,12000,12000,Published,18,0,Furniture
48,5116877-38082389374,ROJET BOX SINGLE JACK,Modular Accessory Telephone Jack-IS:: 3854,NA ,Rojat box telephone,100,100,Published,18,0,Miscellaneous
49,5116877-5687878582,(Duracell Size AA battary,Button Cell or Coin Cell Battery,DURACELL,(Duracell (Size AA ),49,49,Published,18,0,Electrical
50,5116877-49047260532,Duracell (9V Battery),Button Cell or Coin Cell Battery,DURACELL,Duracell (9V Battery),300,300,Published,18,0,Electrical
51,5116877-83039914639,LAPCARE SSD 512GB_ 5Y,Internal Storage Device (SSD/HDD),LAPCARE,LAPCARE SSD 512GB_5Y,5469,5469,Published,18,0,Computer & IT
52,5116877-62618987855,DURACELL Alkaline Battery 9 Volt,Alkaline Battery 9V,DURACELL,DC,500,500,Published,18,0,Electrical
53,5116877-83482882517,"DURACELL CR Alkaline Coin Cell Battery, Capacity 1.5 mAh",Button Cell or Coin Cell Battery,DURACELL,((Duracell (Size AA )),49,49,Published,18,0,Electrical
54,5116877-42109344184,DURACELL Alkaline Battery 9 Volt,Alkaline Battery 9V,DURACELL,DURACELL ULTRA ALKALINE 9 VOLT BATTERY-6LP3146 / MN1604- WITHOUT ISI MARK & CML NO,480,480,Published,18,0,Electrical
55,5116877-19853345079,Unbranded Material Table Furniture Assembly (Golden),Tables,NA ,JDJ Table,95000,95000,Published,18,0,Furniture
56,5116877-97273104104,LAPCARE Standard keyboard with Optical Movement Detection Technology Mouse,Keyboard and Mouse Combo,LAPCARE,LAPCARE KEYBOARD MOUSE COMBO_1Y,999,999,Published,18,0,Computer & IT
57,5116877-62764459334,Reflection Multipurpose Copier Paper - 70 GSM (A4),Plain Copier Paper (V3) ISI Marked to IS 14490,Reflection Multipurpose Copier Paper,Reflection Multipurpose Copier Paper,365,365,Published,18,0,Office Supplies
58,5116877-37444280048,Reflection White,Plain Copier Paper (V3) ISI Marked to IS 14490,REFLECTION WHITE,Reflection White-70 GSM-A4,365,365,Published,18,0,Office Supplies
59,5116877-83467279273,Lapcare Monitor LMN22WD,Computer Monitor,LAPCARE,LMN22WD,14000,14000,Published,18,0,Computer & IT
60,5116877-68277360726,LAPCARE LMN21WD Monitor,Computer Monitor,LAPCARE,LAPCARE LMN21WD Monitor,8400,8400,Published,18,0,Computer & IT
61,5116877-41284230711,EUCCOI Standard Keyboard - Wired - Plug and Play 1 Years,Keyboard for Personal Computers (V2) as per IS 14441,EUCCOI,Dell wireless keyboard mouse combo Km3322,3999,3999,Published,18,0,Computer & IT
62,5116877-36420471794,Iron Chair Already Assembled,Chairs - Handcrafted,Urbangrey,nontilting,20000,20000,Published,18,0,Furniture
63,5116877-96049600808,Krone Plastic 10 mm Crimping Tools,Crimping Tools,Krone,Crimping Tools,1015,1015,Published,18,0,Safety & Industrial
64,5116877-50669325718,TRUE RMS CLAMP METER,true rms clamp meter,NA ,SI-CM-100,18500,18500,Published,18,0,Miscellaneous
65,5116877-31951765104,Optik vision gold Fiber Optic Joint Box Termination Enclosure Box OFC Splicing Tray,modular electrical enclosure switch board boxes for modular type accessories,NA ,Optik vision gold Fiber Optic Joint Box Termination Enclosure Box OFC Splicing Tray,400,400,Published,18,0,Computer & IT
66,5116877-58929891278,UNBRANDED HOT /COLD AND NORMAL FLOOR STANDING WATER DISPENSER,Hot / Cold Water Dispenser (V2),NA ,UNBRANDED HOT /COLD WATER DISPENSER,13000,13000,Published,18,0,Office Supplies
67,5116877-29643297132,FS250,HEDGE TRIMMER or HEDGE CUTTER,NA ,STHL Brush Cutter,45000,45000,Published,18,0,Miscellaneous
68,5116877-22472481092,"Unbranded Wax Thermal Ribbon , 300 Meters",Thermal Ribbon,NA ,Thermal Ribbon 300*105,300,300,Published,18,0,Office Supplies
69,5116877-52934077418,LABLES STICKERS,Labels Stickers (V2),SAUMYA,SAUMYA,429,429,Published,18,0,Office Supplies
70,5116877-66914020668,Unbranded 500 number of Non-adhesive Labels / Stickers,Labels Stickers (V2),NA ,UNBRANDED NON - ADHESIVE LABELS,1000,1000,Published,18,0,Office Supplies
71,5116877-9261568709,K - 4 Crash Rated Boom Barrier,K - 4 Crash Rated Boom Barrier,NA ,PE-k1000,350000,350000,Published,18,0,Safety & Industrial
72,5116877-74995770176,Unbranded Metal Drawer File Cabinet,Modular Metal Drawer File Cabinet Pedestal,NA ,Unbranded Metal Drawer File Cabinet,14994,14994,Published,18,0,Furniture
73,5116877-30073522477,"Unbranded K-4 CRASH RATED BOOM BARRIER, Warranty 1 year",K - 4 Crash Rated Boom Barrier,NA ,II-01-Customize,650000,650000,Published,18,0,Safety & Industrial
74,6894588-3994079522,J&A-OC004,Chairs - Handcrafted,NA ,NA,5500,5500,Draft Products,18,0,Furniture
75,5116877-78468299547,LAPCARE Internal Solid State Drive (SSD) with Warranty 2 Years,Internal Storage Device (SSD/HDD),LAPCARE,Lapcare LAPDISC NVMe 2280 PCIe Gen 3 SSD 512GB 2YR,6929,6929,Published,18,0,Computer & IT
76,5116877-42826277609,WOODEN HI BACK CHAIR,Chairs - Handcrafted,NA ,WOODEN HI BACK CHAIR,22000,22000,Published,18,0,Furniture
77,6894588-19079279785,TVS 40 PLUS RIBBON CARTRIDGE,Thermal Ribbon,OG,TVS 40 PLUS RIBBON CARTRIDGE,2500,2500,Discontinued,18,0,Office Supplies
78,5116877-29831380194,S TYPE NETTED CHAIR,Chairs - Handcrafted,NA ,S TYPE NETTED CHAIR,4500,4500,Published,18,0,Furniture
79,5116877-95796865645,Pad Locks IG 4 Levers 75 mm,Pad Lock Various (As Per Defence Specification),NA ,Pad Locks IG 4 Levers 75 mm As per Defence specification IND/GS/1909 Brass padlocks with male or female keys – As per Fig 1 of govng. Specn.,750,750,Published,18,0,Miscellaneous
80,5116877-13884258418,Unbranded Random Access Memory (RAM) Card 16 GB,Random Access Memory (RAM) Card (V2),NA ,16GB Ram DDR-4 2666mhz,8000,8000,Published,18,0,Computer & IT
81,5116877-31069476824,Quick Heal Total Security 1 user 1 year,Desktop And Application Virtualisation Software,Microsoft,Quick Heal Total Security 1 user 1 year,1909,1909,Published,18,0,Furniture
82,5116877-92606864050,g41 motherboard,Motherboard for Desktop,ZEBRONICS,G41 MOTHERBOARD,6000,6000,Published,18,0,Furniture
83,6894588-43917820479,LAPCARE RAM 16GB DDR4 3200,Random Access Memory (RAM) Card (V2),LAPCARE,LAPCARE RAM 16GB DDR4 3200,7599,7599,Pending Approval,18,0,Computer & IT
84,5116877-21650222136,LAPCARE 512GB_ SATA_ SSD_ 2Y,Internal Storage Device (SSD/HDD),LAPCARE,LAPCARE 512GB_ SATA_ SSD_ 2Y,5469,5469,Published,18,0,Computer & IT
85,5116877-18719459640,Platform Ladder,Platform Step Ladder (V2),NA ,Platform Ladder,10000,10000,Published,18,0,Safety & Industrial
86,5116877-59510510252,WELBUILT Aluminium Platform step ladder of total extended height of 12 feet,Platform Step Ladder (V2),WELBUILT,Step Ladder,45000,45000,Published,18,0,Safety & Industrial
87,5116877-29276138445,LAPCARE SSD 256_ 3YRS,Internal Storage Device (SSD/HDD),LAPCARE,LAPCARE SSD 256_3YRS,3489,3489,Published,18,0,Computer & IT
88,5116877-62852572727,Unbranded EOS 700D DSLR Camera Body with Dual Lens: EF S18 - 55 mm,DSLR Camera Lens,NA ,EOS 700D DSLR,44995,44995,Discontinued,18,0,Electronics
89,5116877-49193993287,COUNTER REVOLVING CHAIR,Counter Chair (Bar / Pub),NA ,RC,8500,8500,Published,18,0,Furniture
90,6894588-48345513773,CHAIR,Chair (Preschool Kit),Nilkamal,CHR4002,750,750,Pending Approval,18,0,Furniture
91,5116877-29431377734,CARE-O-SAFE,Sanitary Napkins Vending Machines,NA ,COSM-50,16900,16900,Published,18,0,Miscellaneous
92,5116877-25206435176,SANITARY NAPKINS INCINETATOR MACHINE WITH SMOKE CONTROL UNIT,Sanitary Napkins Incinetator Machine with Smoke Control Unit,NA ,JAN2019 ORG/BR008,25000,25000,Published,18,0,Miscellaneous
93,5116877-15782996519,LP 46 Neo,Label Printer / Barcode Printer,TVS,LP 46 Neo,20995,20995,Published,18,0,Computer & IT
94,5116877-96263467961,TVS ELECTRONICS Loose Currency Desktop/Table Top-Type Currency Counting Machine having counting speed Upto 1000 currency notes per minute,Currency Counting Machine (V2),TVS ELECTRONICS,CC-232G+ CASH COUNTER,8995,8995,Published,18,0,Miscellaneous
95,5116877-15548634725,Unbranded Stationary Valve Regulated Lead Acid Batteries 42 Ah,Stationary Valve Regulated Lead Acid Batteries (V2) as per IS 15549,NA ,42AH SMF BATTERY,6225,6225,Published,18,0,Miscellaneous
96,5116877-83908903632,Unbranded Stationary Valve Regulated Lead Acid Batteries 150 Ah,Stationary Valve Regulated Lead Acid Batteries (V2) as per IS 15549,NA ,12V 150AH,20000,20000,Published,18,0,Miscellaneous
97,5116877-5417546424,Stationary Valve Regulated Lead Acid Batteries (V2) as per IS 15549,Stationary Valve Regulated Lead Acid Batteries (V2) as per IS 15549,NA ,BATTERY/12V 100A,17000,17000,Published,18,0,Miscellaneous
98,5116877-10920755403,"FCBC 48V, 25A With 4 Module",General Purpose Battery Chargers,Parswa,"Parswa, FCBC 48V,25A PPM 4850-LCD",46870,46870,Published,18,0,Electrical
99,5116877-76669218286,Add on GATEWAYS and Accessories for PABX System,Add on GATEWAYS  and Accessories for  PABX System,ANDA TELECOM,AT-OLT-32T,300000,300000,Published,18,0,Miscellaneous
100,5116877-84784496404,FXO FXS 32 PORT,Add on GATEWAYS  and Accessories for  PABX System,ANDA TELECOM,AT-OLT-32T,95000,95000,Published,18,0,Miscellaneous
101,5116877-36741770237,Unbranded C1393E Switch Fuse Unit 415 volts,Switch Fuse Unit,NA ,OFF LOAD CHANGE OVER SWITCH  63Amp,7255,7255,Published,18,0,Computer & IT
102,5116877-50638192738,Cash Counter CC 453 Star+,Currency Counting Machine (V2),TVS ELECTRONICS,Cash Counter CC 453 Star+,16995,16995,Published,18,0,Miscellaneous
103,5116877-20096135539,TVS SPEED40 STAR,Thermal Ribbon,NA ,TVS SPEED 40 STAR RIBBON CARTRIDGE,1700,1700,Published,18,0,Office Supplies
104,5116877-9911019727,EPSON PLQ 20 RIBBON CARTRIDGE[ SET OF 3,Thermal Ribbon,surya,EPSON PLQ 20 RIBBON CARTRIDGE[ SET OF 3,2980,2980,Published,18,0,Office Supplies
105,5116877-85776292567,Revolving Without Foot Rest and Back rest,medical stools or chairs,NA ,Chair,30000,30000,Published,18,0,Furniture
106,5116877-7432218283,UNBRANDED REVOLVING CHAIR,Counter Chair (Bar / Pub),NA ,UNBRANDED REVOLVING CHAIR,14000,14000,Published,18,0,Furniture
107,5116877-36135770380,Unbranded Mild steel Table Top Elevator Writing Desk,Table Top Elevator Writing Desk,NA ,Table Top Elevator Writing Desk,18000,18000,Published,18,0,Furniture
108,5116877-8809801461,BY UNBRANDED OFFICE CHAIR,Counter Chair (Bar / Pub),NA ,NA,12000,12000,Published,18,0,Furniture
109,5116877-40818712661,BioEnable Dual Iris Scanner as per UIDAI Specification with 3 Years Warranty,Dual Iris Scanner as per UIDAI Specification,BiOEnABLE,IriUniverse-Two,30000,30000,Published,18,0,Electronics
110,5116877-28671198306,Fingerprint Scanner (Slap Scanner) as per UIDAI Specification,Fingerprint Scanner (Slap Scanner) as per UIDAI Specification,THALES,DactyScan84c,60000,60000,Published,18,0,Electronics
111,5116877-59261340215,KEC Chair,Chairs - Handcrafted,KEC,chair,50000,50000,Published,18,0,Furniture
112,5116877-13088079505,KURCI - MID BACK CUSHIONED REVOLVING CHAIR,Counter Chair (Bar / Pub),NA ,KURCI-MID BACK CUSHIONED REVOLVING CHAIR,12000,12000,Published,18,0,Furniture
113,5116877-84118930136,REVOLVING CHAIR VRUNDAVAN ENTERPRISE,Counter Chair (Bar / Pub),NA ,VA12A401,18000,18000,Published,18,0,Furniture
114,5116877-80014189064,RUDDHANIA MODULAR TABLE 09,Modular Table / Meeting Table / Centre Table (V2),Ruddhania Flexible Furnitures,RUDDHANIA MODULAR TABLE 09,25000,25000,Published,18,0,Furniture
115,5116877-53749125117,Waiting area chair,Waiting Area / Airport Terminal / Public Place / Reception area Chair or Seat (V2),Rana Furnicos Pvt. Ltd,RF-WAC-009,40000,40000,Published,18,0,Furniture
116,5116877-43458737597,DAZE FURNITURES Mid-back Revolving Chair of Adjustable height with Wheels,Revolving Chair (V5),DAZE FURNITURES,BALLA8769,11000,11000,Published,18,0,Furniture
117,5116877-27306634487,DAZE FURNITURES Mid-back Revolving Chair of Adjustable height with Wheels,Revolving Chair (V5),DAZE FURNITURES,BALLA66,10000,10000,Published,18,0,Furniture
118,5116877-31004029064,DAZE FURNITURES High-back Revolving Chair of Adjustable height with Wheels,Revolving Chair (V5),DAZE FURNITURES,BALLA0658,10000,10000,Published,18,0,Furniture
119,5116877-23856682485,Unbranded Stainless Steel Rectangular Dining Table with C3431E fixed Chair,Stainless Steel Dining Table With Fixed Chair,NA ,GF-520,20000,20000,Discontinued,18,0,Furniture
120,5116877-65382505232,Modular Table with Particle Board Table Top and Wooden/Engineer Wood Understructure,Modular Table / Meeting Table / Centre Table (V2),Ruddhania Flexible Furnitures,NA,46000,46000,Published,18,0,Furniture
121,5116877-76877954479,RUDDHANIA MODULAR TABLE 09,Modular Table / Meeting Table / Centre Table (V2),Ruddhania Flexible Furnitures,RUDDHANIA MODULAR TABLE 09,22000,22000,Published,18,0,Furniture
122,5116877-25223780539,Ruddhania Modular Table 02,Modular Table / Meeting Table / Centre Table (V2),Ruddhania Flexible Furnitures,Ruddhania Modular Table 02,45000,45000,Published,18,0,Furniture
123,5116877-66816935629,Microsoft,Desktop And Application Virtualisation Software,Microsoft,MS OFFICE PRO 2024,47899,47899,Published,18,0,Furniture
124,5116877-99371778172,Microsoft,Desktop And Application Virtualisation Software,Microsoft,microsoft office 2024 professional plus,37999,37999,Published,18,0,Furniture
125,5116877-64054522765,TV 32 INCHES,Tv & Entertainment Units,NA ,NA,25000,25000,Published,18,0,Electronics
126,5116877-50277827824,Office LTSC Professional Plus 2024,Office Suite Software (V3),Microsoft,Office LTSC Professional Plus 2024 (CSP Perpetual),5000,5000,Published,18,0,Computer & IT
127,5116877-12820870081,Microsoft Windows 11 Pro Operating System Software,Operating System Software (V3),Microsoft,Windows GGWA - Windows 11 Pro - Legalization Get,10000,10000,Published,18,0,Computer & IT
128,5116877-75262370250,Quick Heal Total Shield 10 User 3 Years,Antivirus Software,Quick heal,Quick Heal Total Shield 10 User 3 Years,20000,20000,Published,18,0,Computer & IT
129,6894588-13770268452,Adobe Acrobat Pro for Enterprise - Government Edition_ 3Y,Desktop Publishing Software (PDF Viewer and Writer),Adobe,Adobe Acrobat Pro Enterprise - Government Edition,119457,119457,Discontinued,18,0,Furniture
130,6894588-77752717453,WIN 11 PRO (OEM DVD PACK),Add on Softwares - Lisences and Accessories for PABX System,IHT,WIN 11 PRO (OEM DVD PACK),25000,25000,Pending Approval,18,0,Computer & IT
131,5116877-83363008505,Adobe Acrobat Pro Dc 2024 Perpetual,Desktop Publishing Software (PDF Viewer and Writer),ADOBE EXPRESS,Adobe Acrobat Pro Dc 2024 Perpetual,49000,49000,Published,18,0,Furniture
132,5116877-21823852557,Net Protector Total Security 10U 3YR,Antivirus Software,NET PROTECTOR,Net Protector Total Security 10U 3YR,25000,25000,Published,18,0,Computer & IT
133,5116877-78511654165,Brown Simple Stool - Medium Height,Plastic Stool (V2),NA ,KR plastic stool,850,850,Published,18,0,Furniture
134,5116877-22081349122,Unbranded Silver Grey Colored Steel Shelving Cabinets,Steel Almirah / Cabinets conforming to IS 3312 (V4),NA ,ACPL-SSC-004,32000,32000,Published,18,0,Furniture
135,5116877-1807609753,EPSON PASSBOOK 128 Kbyte Bankbook or Passbook Update Machines-printer,Bankbook or Passbook Update Machines - Printer,EPSON PASSBOOK,EPSON- PLQ-35 PASSBOOK PRINTER,39500,39500,Published,18,0,Computer & IT
136,6894588-28249376147,MDH - Sabzi Masala (100g),Sabji Masala (????? ?????),MDH,mdh-sabzi-100,168,168,Draft Products,18,0,Kitchen & Dining
137,5116877-64889413426,TVS ELECTRONICS Handheld (Wired) Based Barcode Scanner,Barcode Scanner,TVS ELECTRONICS,BS-i103 G,4495,4495,Published,18,0,Electronics
138,5116877-47468005602,TVS ELECTRONICS Handheld (Wired) Based Barcode Scanner,Barcode Scanner,TVS ELECTRONICS,BS L100 Plus,4245,4245,Published,18,0,Electronics
139,5116877-99314056844,REVOLVING CHAIR,Revolving Chair (V5),DAZE FURNITURES,BALLA901,6400,6400,Published,18,0,Furniture
140,5116877-83776417869,DAZE FURNITURES Mid-back Revolving Chair of Adjustable height with Wheels,Revolving Chair (V5),DAZE FURNITURES,BALLA00001,10000,10000,Published,18,0,Furniture
141,5116877-37068059383,LABWAN Mild Steel Colony counter electronic balance,Colony counter electronic balance,LABWAN,LW-CC4,200000,200000,Discontinued,18,0,Furniture
142,5116877-21990188450,Mobile stand with card holder,Business Card Holders,NA ,Mobile stand with card holder,400,400,Published,18,0,Miscellaneous
143,5116877-64108049127,Unbranded Compostable Carry Bags 25 microns; 6 Kgs; 475 mm x 350 mm; 10.9 gms,Compostable Carry Bags,NA ,TRISHUL,175,175,Published,18,0,Furniture
144,5116877-70846694706,RUDDHANIA MODULAR TABLE 0926,Modular Table / Meeting Table / Centre Table (V2),Ruddhania Flexible Furnitures,RUDDHANIA MODULAR TABLE 0926,30000,30000,Published,18,0,Furniture
145,5116877-83097333674,MODULAR TABLE,Modular Table / Meeting Table / Centre Table (V2),Ruddhania Flexible Furnitures,MODULAR TABLE,16000,16000,Published,18,0,Furniture
146,5116877-23424615931,RUDDHANIA MODULAR TABLE 09,Modular Table / Meeting Table / Centre Table (V2),Ruddhania Flexible Furnitures,RUDDHANIA MODULAR TABLE 09,54800,54800,Published,18,0,Furniture
147,5116877-82214352411,CAP FOREST,peak cap,NA ,CAP FOREST,135,135,Published,18,0,Miscellaneous
148,5116877-22829244740,Office Bag,Office Bags (V2),NA ,NA,950,950,Published,18,0,Office Supplies
149,5116877-13747658875,Tshirt,T-Shirt (V3),NA ,NA,599,599,Published,18,0,Miscellaneous
150,5116877-28068439430,Unbranded Stainless Steel Electronic Baby Weighing Scale -100kg capacity,Electronic Baby Weighing Scale - RBSK,NA ,unbranded baby weighing scale,50000,50000,Published,18,0,Miscellaneous
151,5116877-27891146562,TVS Non-Mechanical Wired Computer Keyboard,Computer Keyboards,TVS,TVS Champ HD Keyboard,1095,1095,Published,18,0,Computer & IT
152,5116877-19214623695,TVS ELECTRONICS Wired Computer Mouse,Computer Mouse,TVS ELECTRONICS,TVS Champ M120 Mouse,399,399,Published,18,0,Computer & IT
153,5116877-43339620635,CC-232G CASH COUNTER,Currency Counting Machine (V2),TVS ELECTRONICS,CC-232G CASH COUNTER,8900,8900,Published,18,0,Miscellaneous
154,5116877-23383819439,LAPCARE LPSSD256GBPRO,Internal Storage Device (SSD/HDD) (V2),LAPCARE,LPSSD256GBPRO,16399,16399,Published,18,0,Computer & IT
155,5116877-75536161327,LAPCARE LPSSD128GB,Internal Storage Device (SSD/HDD) (V2),LAPCARE,LPSSD128GB,8199,8199,Published,18,0,Computer & IT
156,5116877-84164387413,LAPCARE LPSSD512GB,Internal Storage Device (SSD/HDD) (V2),LAPCARE,LPSSD512GB,22599,22599,Published,18,0,Computer & IT
157,5116877-51374243768,Unbranded 800 x 320 (HxL)(MM) LED Based Information Display System,LED Based Information Display System,NA ,SKY/04/2025,16000,16000,Published,18,0,Electronics
158,5116877-9862287815,LED BASED POSTAL DEPARTMENT DIFFERENT SCHEME INTEREST RATE DISPLAY SYSTEM SIZE 42X 24 INCH,LED Based Information Display System,NA ,NA,18000,18000,Published,18,0,Electronics
159,5116877-66004949741,LAPCARE Magma LMK-105,Keyboards and Mouse Combo (V2),LAPCARE,Magma LMK-105,1299,1299,Published,18,0,Computer & IT
160,5116877-45016484269,LAPCARE In Plane Switching (IPS) Computer Monitor with a Power Cable and/or Adapter,Computer Monitor (V2),LAPCARE,LMN22WD,20799,20799,Published,18,0,Computer & IT
161,5116877-96765123890,LAPCARE LMN24WHD COMPUTER MONITOR,Computer Monitor (V2),LAPCARE,LMN24WHD,27000,27000,Published,18,0,Computer & IT
162,5116877-15080237132,chair,Revolving Chair (V5),Rana Furnicos Pvt. Ltd.,RF-RC-022,40000,40000,Published,18,0,Furniture
163,5116877-78880953386,CC-453G+ CASH COUNTER,Currency Counting Machine (V2),TVS ELECTRONICS,CC-453G+ CASH COUNTER,16995,16995,Published,18,0,Miscellaneous
164,5116877-22311140288,LED BATTEN 36 WATT,LED Batten with Battery / Invertor,NA ,36 WATT LED BATTEN,950,950,Published,18,0,Electrical
165,5116877-43221096614,Unbranded key holder,Key Hole Test Board,NA ,NA,10000,10000,Published,18,0,Miscellaneous
166,5116877-67393229390,LAPCARE LPC137A,Toner Cartridges / Ink Cartridges / Consumables for Printers,LAPCARE,LAPCARE LPC137A,2799,2799,Published,18,0,Computer & IT
167,5116877-56467024480,Rana Furnicos Pvt. Ltd. High-back Revolving Chair of Adjustable height with Wheels,Revolving Chair (V5),Rana Furnicos Pvt. Ltd.,RF-RC-018,80000,80000,Published,18,0,Furniture
168,5116877-42298734673,ELECTRNIC BABY WEIGHT SCALE,Electronic Baby Weighing Scale - RBSK,SMART,SC2011,7230,7230,Published,18,0,Miscellaneous
169,5116877-97352969049,TVS ELECTRONICS Loose Currency Desktop/Table Top-Type Currency Counting Machine having counting speed Upto 1000 currency notes per minute,Currency Counting Machine (V2),TVS ELECTRONICS,CASH COUNTER CC-552 Platina- Dual CIS Technology,35000,35000,Published,18,0,Miscellaneous
170,5116877-8629611504,Chair for Preschool made up of Virgin Polyethylene,Chair (Preschool Kit),NA ,Kids Chair ATLS-08,1500,1500,Published,18,0,Furniture
171,5116877-27347578502,TVS SPEED40 PLUS,Thermal Ribbon,NA ,TVS SPEED40 PLUS,1700,1700,Published,18,0,Office Supplies
172,5116877-80156610301,Notebook Diary,Yearly Planners as per IS 1848,Amsburg,Ams 01,260,260,Published,18,0,Office Supplies
173,5116877-42170536038,J K Excel Bond Paper 1.2 kilogram Ream of 500 Sheets 75 gsm A3 (297 X 420) size Bond Papers,Bond Paper (V3) Conforming to IS 1848 (Part 1),J K Excel Bond Paper,JK BOND PAPER A3 75 GSM,800,800,Published,18,0,Office Supplies
174,5116877-64252701788,Unbranded Variety 2 Cotton Terry (Turkish) Towel of Size 155 cm x 80 cm,Cotton Towelling And Towels (V3) Conforming To IS 7056,NA ,NA,1000,1000,Published,18,0,Furniture
175,5116877-60331164419,J K Excel Bond Paper 3.12 kilogram Ream of 500 Sheets 110 gsm A4 (210 X 297) size Bond Papers,Bond Paper (V3) Conforming to IS 1848 (Part 1),J K Excel Bond Paper,JK EXCEL BOND PAPER,635,635,Published,18,0,Office Supplies
176,5116877-36294268722,JK EXCEL BOND PAPER,Bond Paper (V3) Conforming to IS 1848 (Part 1),J K Excel Bond Paper,JK EXCEL BOND PAPER,720,720,Published,18,0,Office Supplies
177,6894588-47876652437,JK Excel Bond 100G SM,Bond Paper (V3) Conforming to IS 1848 (Part 1),JK Bond,NA,635,635,Pending Approval,18,0,Office Supplies
178,5116877-74814111065,Unbranded 3.3 kilogram Ream of 500 Sheets 100 gsm A4 (210 X 297) size Bond Papers,Bond Paper (V3) Conforming to IS 1848 (Part 1),NA ,Bond Paper,1150,1150,Published,18,0,Office Supplies
179,5116877-8521242003,Samsung Curved Monitor,Computer Monitor (V2),SAMSUNG,LS27D368GAWXXL,17400,17400,Published,18,0,Computer & IT
180,5116877-32318903398,Samsung Monitor,Computer Monitor (V2),SAMSUNG,LS24D304GAWXXL,15200,15200,Published,18,0,Computer & IT
181,5116877-77198067301,SAMSUNG In Plane Switching (IPS) Computer Monitor with a Power Cable and/or Adapter,Computer Monitor (V2),SAMSUNG,LS22D304GAWXXL,13700,13700,Published,18,0,Computer & IT
182,5116877-84236345397,UNBRANDED SIGNAGE BOARD - 4 x 1.5,Signage Board (V4),NA ,Metallic Signage,1800,1800,Published,18,0,Miscellaneous
183,5116877-7586834809,Unbranded 200 mm long Plastic Grip Seal,Plastic Grip Seal,NA ,SNAP LOCK,2.8,2.8,Published,18,0,Miscellaneous
184,5116877-33373929537,REVOLVING CHAIR,Revolving Chair (V5),DAZE FURNITURES,BALLA03989,7000,7000,Published,18,0,Furniture
185,5116877-52830104755,LAPCARE Compatible Toner Cartridge Manufactured by Rx Infotech Private Limited,Toner Cartridges / Ink Cartridges / Consumables for Printers,LAPCARE,LAPCARE LPC-TN2365,2169,2169,Published,18,0,Computer & IT
186,5116877-75452505411,Samsung Smart Monitor,Computer Monitor (V2),SAMSUNG,LS32FM500EWXXL,32999,32999,Published,18,0,Computer & IT
187,5116877-36119656294,Unbranded Barathea Cloth Peak Cap,peak cap,NA ,CAP,220,220,Published,18,0,Miscellaneous
188,5116877-59013538069,"DIGISOL SM(OS2) UNITUBE, ARMOURED, 6 CORE, LSZH",Fibre Cable  for Networking,Digisol,DIGISOL DGF-CAS2OUSL-06,98,98,Published,18,0,Computer & IT
189,5116877-58256432259,Unbranded Plastic 4 mm Crimping Tools,Crimping Tools,NA ,Crimping tool,2235,2235,Published,18,0,Safety & Industrial
190,5116877-72901391209,"DIGISOL Solid Cable, Cat6 SFTP, 4 Pair, 23AWG, FRPVC CM, Grey, 305m",Ethernet Cables,Digisol,DIGISOL DGC-SC6SF4F-3GW,76.09,76.09,Published,18,0,Electrical
191,5116877-90448050827,DVD WRITER,DVD Writer (Version 2),NA ,DVD WRITER,5850,5850,Published,18,0,Miscellaneous
192,5116877-21044808041,MXWL--MAXWELL & COMPANY Chair Arm Without Blue,Plastic Chairs For General Purposes conforming To Is 13713 (V3),MXWL--MAXWELL & COMPANY,RMX-08,9000,9000,Published,18,0,Furniture
193,5116877-58500555463,Unbranded USB Type-A (Male) to RJ45 (Female) OTG (On-The-Go) Adapter/ Converter,"Cables, Converters and Adapters",NA ,USB TO LAN ADAPTER,2199,2199,Published,18,0,Electrical
194,5116877-79537435110,Plastic Chairs,Plastic Chairs For General Purposes conforming To Is 13713 (V3),MXWL--MAXWELL & COMPANY,RPC-8,9000,9000,Published,18,0,Furniture
195,5116877-16748601576,Random Access Memory (RAM),Random Access Memory (RAM) Card (V2),NA ,78523,30000,30000,Published,18,0,Computer & IT
196,5116877-17523766350,HDMI 5 METER 4K RESOLUTION CABLE,"Cables, Converters and Adapters",NA ,HD-2M-ST09,2199,2199,Published,18,0,Electrical
197,5116877-92608304826,Power Cord,Computer Power Cord,NA ,3 Pin,500,500,Published,18,0,Computer & IT
198,5116877-24563944820,new year diary,Yearly Planners as per IS 1848,Scholar,new year diary,680,680,Published,18,0,Office Supplies
199,5116877-95737280995,LAPCARE LMK-012,Computer Keyboards,LAPCARE,LMK-012,999,999,Published,18,0,Computer & IT
200,5116877-54036689560,LAPCARE Wired Computer Mouse,Computer Mouse,LAPCARE,L 70 PLUS,299,299,Published,18,0,Computer & IT
201,5116877-22132293088,LAPCARE LPSSD1TBPRO,Internal Storage Device (SSD/HDD) (V2),LAPCARE,LPSSD1TBPRO,36999,36999,Published,18,0,Computer & IT
202,5116877-99778023948,"Unbranded DVD R/W Cabinet for Desktop, Tower (13.1 to 26 Litres)",Cabinet for Desktop,NA ,NA,5500,5500,Published,18,0,Furniture
203,5116877-55216669790,SMPS POWER SUPPLY,Switching Power Supply for Wireless Application,NA ,SE1215RB,3550,3550,Published,18,0,Computer & IT
204,6894588-34748389678,8GB DDR4 1333 MHz CL22 Desktop Memory,Random Access Memory (RAM) Card (V2),Crucial,CRUCIAL CT8G3S1339M,12410,12410,Pending Approval,18,0,Computer & IT
205,5116877-29919293004,"Unbranded Float application 200 12 V (for SPV application) With Buy back, Polypropylene (PP)",Valve Regulated Lead Acid (VRLA) Batteries as per TEC Specification,NA ,200 AH,25600,25600,Published,18,0,Miscellaneous
206,5116877-3831745386,Almirah,Steel Almirah / Cabinets (V4),NA ,Almirah,33100,33100,Published,18,0,Furniture
207,5116877-72310819921,PeopleLink Quadro with Extension (1Yr),Speakerphone,People Link,PeopleLink Quadro with Extension (1Yr),130000,130000,Published,18,0,Electronics
208,5116877-15630924726,2MP Dual Light Bullet Camera - 50Mtr.,Camera for CCTV System (V3),CP PLUS,CP-UNC-TC21L5C-VMD-LQ,9200,9200,Published,18,0,Electronics
209,5116877-97381192344,CP PLUS 32 Channels NVR with 8TB HDD,Video Recorder for CCTV System (V2),CP PLUS,CP-UNR-4K4322-V4,55000,55000,Published,18,0,Electronics
210,5116877-86608498802,Unbranded Fiber Media Converter,Fiber Media converter,NA ,Unbranded Fiber Media Converter,3000,3000,Published,18,0,Miscellaneous
211,5116877-78652892082,CP PLUS 0 Ports Un Managed PoE+ Layer 2 Access Switch,Layer 2 Access Switch (V2),CP PLUS,CP-DNW-HPU8G2-96-V3,4100,4100,Published,18,0,Computer & IT
212,5116877-85872757458,"Unbranded Cast Iron Flameproof and weather proof Exhaust Fan, Warranty 18 month",Flameproof and Weather Proof Exhaust Fan as per IS 2148,NA ,EF/140,22500,22500,Published,18,0,Home Appliances
213,5116877-78083497872,DDR4RAM,Random Access Memory (RAM) Card (V2),NA ,DDR4RAM,9999,9999,Published,18,0,Computer & IT
214,5116877-94770016553,VISITOR CHAIR WITHOUT WHEEL,Chair for General Purpose,Ruddhania Flexible Furnitures,VISITOR CHAIR WITHOUT WHEEL,4600,4600,Published,18,0,Furniture
215,5116877-98767932714,DIGITAL SIGNAL PROCESSING BOARD,DIGITAL SIGNAL PROCESSING BOARD,Arduino,PLC Module Easy820-DC-RC,310000,310000,Published,18,0,Miscellaneous
216,5116877-74966602953,BOQ Item,BOQ,NA ,BOQ Item,1800000,1800000,Published,18,0,Miscellaneous
217,5116877-3406660583,DCP-B7600DB Multifunction Duplex Laser Printer,"Multifunction Printer (Print, Scan, Copy)",brother,DCP-B7600DB,22490,22490,Published,18,0,Computer & IT
218,5116877-80555507575,CP PLUS 2MP (1920 x 1080 Pixel) or better Bullet Camera,Camera for CCTV System (V3),CP PLUS,CP-UNC-TA21L3B-LQ,6800,6800,Published,18,0,Electronics
219,5116877-63467468134,CC-232G+ CASH COUNTER,Currency Counting Machine (V2),TVS ELECTRONICS,CC-232G+ CASH COUNTER,8995,8995,Published,18,0,Miscellaneous
220,5116877-54035377410,ELECTRIC CIRCULAR SAW FOR WOOD CUTTING (NDRF),Electric Circular Saw for wood cutting (NDRF),NA ,UN-436,35000,35000,Published,18,0,Miscellaneous
221,5116877-69441647497,TRIAD CABLE,Signal/ Triad  Cable,NA ,NA,1000,1000,Published,18,0,Electrical
222,5116877-74090343430,Unbranded 2P  x 1.5 Sq.mm 1.1 mm for 2P x 1.5 Sq.mm,Signal/ Triad  Cable,NA ,56152155,120,120,Published,18,0,Electrical
223,6894588-71256712341,Microsoft Office Professional Plus 2024 (OEM DVD PACK),Add on Softwares - Lisences and Accessories for PABX System,IHT,MS Office Professional Plus 2024 (OEM DVD PACK),30000,30000,Pending Approval,18,0,Computer & IT
224,5116877-54328325538,Band saw blade (CARBIDE TIPPED CIRCULAR SAW CUTTER),Band saw blade,NA ,NA,24000,24000,Published,18,0,Miscellaneous
225,5116877-83885813680,ELECTRIC CIRCULAR SAW FOR WOOD CUTTING (NDRF),Electric Circular Saw for wood cutting (NDRF),NA ,UNBRANDED-ECSWC-654,35000,35000,Published,18,0,Miscellaneous
226,5116877-24236500950,VISITOR CHAIR WITHOUT WHEEL,Chair for General Purpose,Ruddhania Flexible Furnitures,VISITOR CHAIR WITHOUT WHEEL,12500,12500,Published,18,0,Furniture
227,5116877-33956424398,Ruddhania Flexible Furnitures Mid-back Chair With Fixed armrest with Cushion,Chair for General Purpose,Ruddhania Flexible Furnitures,VISITOR CHAIR WITHOUT WHEEL,17550,17550,Published,18,0,Furniture
228,5116877-17453905990,DIGITAL SIGNAL PROCESSING BAORD TL- DSP 6748,DIGITAL SIGNAL PROCESSING BOARD,NA ,DIGITAL SIGNAL PROCESSING BAORD TL- DSP 6748,64190,64190,Published,18,0,Miscellaneous
229,5116877-42691345099,RUDDHANIA OFFICE TABLE DOUBLE STORAGE,Modular Table / Meeting Table / Centre Table (V2),Ruddhania Flexible Furnitures,RUDDHANIA OFFICE TABLE DOUBLE STORAGE,45000,45000,Published,18,0,Furniture
230,5116877-10558841878,HL-L2440DW Duplex WIFI Laser Printer,Computer Printer (V2),brother,HL-L2440DW,17990,17990,Published,18,0,Computer & IT
231,5116877-37019227152,Emergency Lighting LED Light and accessories,Portable Emergency LED Lighting Tower System with Battery Bank,NA ,LED Light,27999,27999,Published,18,0,Furniture
232,5116877-93725329769,TVS GOLD KBD[ DP-E&G] -1year warranty,Computer Keyboards,TVS,TVS GOLD KBD [DP-E&G],3495,3495,Published,18,0,Computer & IT
233,5116877-95837208568,LAPCARE LMN22WD,Computer Monitor (V2),LAPCARE,LMN22WD,20799,20799,Published,18,0,Computer & IT
234,5116877-80499244404,MICROSOFT OFFICE PROFESSIONAL PLUS 2024,Classroom Stools,Cygni,MICROSOFT OFFICE PROFESSIONAL PLUS 2024,10000,10000,Discontinued,18,0,Furniture
235,5116877-74738024800,XTRONPROF-i5,Cabinet for Desktop,NA ,Xtron Professional (XTRONPROF-i5),71000,71000,Published,18,0,Furniture
236,5116877-91091831012,Unbranded Random Access Memory (RAM) Card 64 GB,Random Access Memory (RAM) Card (V2),NA ,370 - AEVP,86605,86605,Published,18,0,Computer & IT
237,6894588-94307939061,TVS Speed 40 Star with 1 years warranty,Bankbook or Passbook Update Machines - Printer,TVS ELECTRONICS,TVS Speed 40 Star with 1 years warranty,40995,40995,Discontinued,18,0,Computer & IT
238,5116877-13675933511,LAPCARE Compatible Toner Cartridge Manufactured by Rx Infotech Private Limited,Toner Cartridges / Ink Cartridges / Consumables for Printers,LAPCARE,Lapcare Toner LPC2612A,1749,1749,Published,18,0,Computer & IT
239,5116877-66520951978,"Unbranded Stainless Steel Electronic Baby Weighing Scale , Tray Size 510x300x85 mm (WxHxD)",Electronic Baby Weighing Scale - RBSK,NA ,UNBRANDED STAINLESS STEEL BABY WEIGHING SCALE,5000,5000,Published,18,0,Miscellaneous
240,5116877-34595186581,DCP-T430W Inktank Multifunction Printer,"Multifunction Printer (Print, Scan, Copy)",brother,DCP-T430W,15590,15590,Published,18,0,Computer & IT
241,5116877-48477453219,S TYPE CHAIR,Umpire Chair,NA ,S TYPE CHAIR,6000,6000,Published,18,0,Furniture
242,5116877-2188853743,TVS Speed 40 Star with 1 years warranty,Bankbook or Passbook Update Machines - Printer,TVS ELECTRONICS,TVS Speed 40 Star with 1 years warranty,40995,40995,Published,18,0,Computer & IT
243,5116877-10823836899,ANDA TELECOM TDM CO/JUNCTION / FXO Add On Gateways And Accessories For Pabx System 8 Port,Add on GATEWAYS  and Accessories for  PABX System,ANDA TELECOM,AT-OLT-4E8OS2S,90000,90000,Published,18,0,Miscellaneous
244,5116877-1293443956,DIGITAL EARTH RESISTANCE METER,Digital Earth Resistance Meter,Metravi,ERT-1501,11665,11665,Published,18,0,Miscellaneous
245,5116877-14217583529,RJ-45 Pin,CAT 6 Information outlet,NA ,NA,22,22,Published,18,0,Miscellaneous
246,5116877-15695366400,4K HDMI TO HDMI,"Cables, Converters and Adapters",NA ,4K HDMI TO HDMI,5600,5600,Published,18,0,Electrical
247,5116877-20785107566,ANDA TELECOM TDM/FXS EXTENSION Add On Gateways And Accessories For Pabx System 24 Port,Add on GATEWAYS  and Accessories for  PABX System,ANDA TELECOM,AT-FE1-ETH-FE1,48000,48000,Published,18,0,Miscellaneous
248,5116877-31778323204,LC-E2K DUPLEX 5MTR,Fiber Optic Patch Cord (V2),ANDA TELECOM,ATPC-LC-E2K-5MTR,2000,2000,Published,18,0,Miscellaneous
249,5116877-74577503276,TIRPAULIN,Multilayered Cross Laminated Sheets/Tarpaulins/Covers/ Agricultural Films conforming to 14611,NA ,UNBRANDED,5800,5800,Published,18,0,Miscellaneous
250,5116877-69199632905,Dispenser stc,Non Carbonated Beverage Dispenser (V2),Milton,Dispenser stc 05,2500,2500,Published,18,0,Office Supplies
251,5116877-60396205521,CELL 1.2V,Secondary Sealed Cells and Batteries For Portable Application - Nickel Metal Hydride Conforming To IS 16048 (Part 2),DURACELL,DURACELL 1.2 V,55,55,Discontinued,18,0,Furniture
252,5116877-44886770526,"Unbranded PVC HT Tape, Size 4 meter Meter in Roll",HT Tape,NA ,UNBRAND TAPE,450,450,Published,18,0,Miscellaneous
253,5116877-40445594382,Milton Non Carbonated Beverage Dispenser of Capacity 10 Liter,Non Carbonated Beverage Dispenser (V2),Milton,MILTON WATER CAMPER-BTC/D,5000,5000,Published,18,0,Office Supplies
254,5116877-79023649647,20 LITER WATER DISPENSER CAN/ JAR,Non Carbonated Beverage Dispenser (V2),NA ,251-JNF,499,499,Published,18,0,Office Supplies
255,5116877-20605456400,Dispenser Superior,Non Carbonated Beverage Dispenser (V2),Milton,Dispenser Superior,2500,2500,Published,18,0,Office Supplies
256,5116877-56395224822,SAMSUNG Vertical Alignment (VA) Computer Monitor with a Power Cable and/or Adapter,Computer Monitor (V2),SAMSUNG,LS43DM702UWXXL,57000,57000,Published,18,0,Computer & IT
257,5116877-14083075810,8 FXO FXS WITH 4E1& 4ETHERNET,Add on GATEWAYS  and Accessories for  PABX System,ANDA TELECOM,AT-OLT-4E8OS2S,90000,90000,Published,18,0,Miscellaneous
258,5116877-33093351530,UNBRANDED ASR TRADING CO. MOBILE CONTAINER,Mobile Containers For Solid Waste Conforming to IS 12402,NA ,UNBRANDED MOBILE CONTAINER,20000,20000,Published,18,0,Miscellaneous
259,5116877-86737203274,Barcode Label 100X75 DIRECT THERMAL 500 labels per roll,Labels Stickers (V3),Digismart,NA,420,420,Published,18,0,Office Supplies
260,5116877-96168906823,Cutting Plier Taparia Make,Non Sparking Diagonal Cutting Plier as per IS 4595,NA ,cutting plier,1999,1999,Published,18,0,Safety & Industrial
261,5116877-59273061016,840 No Screw Driver Set,Bit Driver Set with Screw driver Bits,NA ,840 No Screw Driver Set,590,590,Published,18,0,Miscellaneous
262,5116877-2023158445,Digital Multimeter,Digital Multimeter,NA ,DT-9205A,7999,7999,Published,18,0,Electrical
263,5116877-78503937795,CLAMP METER,true rms clamp meter,NA ,SI-CM-11,30000,30000,Published,18,0,Miscellaneous
264,5116877-16948418863,ARAANTO Ding Dong type Elecric Bells And Accessories,Elecric Bells and Accessories as per IS 2268,ARAANTO,AR-12MG,8000,8000,Published,18,0,Miscellaneous
265,5116877-47142929348,"Unbranded Male Telephone Line Cord, Length 2 meter",Telephone Line Cord,NA ,Telephone Line Lid,65,65,Published,18,0,Miscellaneous
266,5116877-84520980376,USB EXTENSION CABLE,"Cables, Converters and Adapters",NA ,USB EXTENSION CABLE 3.0 MALE TO FEMALE SJE 20,4580,4580,Published,18,0,Electrical
267,5116877-5545868057,Display Port(male) to VGA(female) Convertor,"Cables, Converters and Adapters",NA ,DP to VGA-1080P,1500,1500,Published,18,0,Electrical
268,5116877-75059469119,Kabul Pal Tents,Kabul Pal Tents (CMPDI),SQ BAGS,Pal Tents,299999,299999,Published,18,0,Miscellaneous
269,5116877-34332423952,1.25 SINGLE MODE SINGLE IBRE 20KM,Small Form - Factor Pluggable Transceiver,ANDA TELECOM,AT-SFP1310GELXD,4500,4500,Published,18,0,Electrical
270,5116877-90102808074,1000MBPS DUPEX 20KM FIBRE MEDIA CONVETER,Add on GATEWAYS  and Accessories for  PABX System,ANDA TELECOM,AT-OFE-850GS-20KM,8000,8000,Published,18,0,Miscellaneous
271,5116877-37983578924,Multilayered Cross Laminated Sheets/Tarpaulins/Covers/ Agricultural Film,Multilayered Cross Laminated Sheets/Tarpaulins/Covers/ Agricultural Films conforming to 14611,NA ,NA,50,50,Published,18,0,Miscellaneous
272,5116877-11424369614,"TAPARIYA Middle Cutter Pliers,Pincers And Nippers","Pliers, Pincers and Nippers as per IS 2615, IS 11526",TAPARIYA,TAPARIA COMBINATION PLIER,380.79,380.79,Published,18,0,Safety & Industrial
273,5116877-68603204419,Mobile Containers For Solid Waste,Mobile Containers For Solid Waste Conforming to IS 12402,NA ,Mobile Containers For Solid Waste,35000,35000,Published,18,0,Miscellaneous
274,5116877-91786560084,SPEED 40 STAR PASSBOOK PRINTER-3Year Warranty,Bankbook or Passbook Update Machines - Printer,TVS ELECTRONICS,SPEED 40 STAR PASSBOOK PRINTER,40995,40995,Published,18,0,Computer & IT
275,5116877-70917631978,e2k to LC DUPLEX 5 MTR,Fiber Optic Patch Cord (V2),ANDA TELECOM,ATPC-E2K-LC-DX5,3000,3000,Published,18,0,Miscellaneous
276,5116877-75423015328,LC-LC MULTI MODE DUPLEX 5 MTR,Fiber Optic Patch Cord (V2),ANDA TELECOM,ATPC-LC-LC-5MM,3000,3000,Published,18,0,Miscellaneous
277,5116877-26048646503,display port male to hdmi female cable,"Cables, Converters and Adapters",NA ,DP-HDMI-22,1999,1999,Published,18,0,Electrical
278,5116877-83053666262,Layer 2 Access Switch (V2),Layer 2 Access Switch (V2),ANDA TELECOM,ATS-5008-1204W,30000,30000,Published,18,0,Computer & IT
279,5116877-48853599263,ANDA TELECOM SFP+ Small form-factor pluggable transceiver,Small Form - Factor Pluggable Transceiver,ANDA TELECOM,AT-SFP-1550-40D,17000,17000,Published,18,0,Electrical
280,5116877-22501144545,Exam Pad,Exam Pad (V2),NA ,Exam Pad 35 X 22,400,400,Published,18,0,Miscellaneous
281,5116877-69547125785,Ruddhania Flexible Furnitures Mid-back Chair With Fixed armrest without cushion and padding,Chair for General Purpose,Ruddhania Flexible Furnitures,VISITOR CHAIR WITHOUT WHEEL,18700,18700,Published,18,0,Furniture
282,5116877-78560498999,Samsung Monitor,Computer Monitor (V2),SAMSUNG,LS27D400GAWXXL,21000,21000,Published,18,0,Computer & IT
283,5116877-75887628272,RUDDHANIA EXECUTIVE TABLE 0910,Executive Table (V4),Ruddhania Flexible Furnitures,RUDDHANIA EXECUTIVE TABLE 0910,42000,42000,Published,18,0,Furniture
284,5116877-38686483557,Ruddhania Flexible Furnitures Modular Table with Marine Ply Table Top and Wooden/Engineer Wood Understructure,Modular Table / Meeting Table / Centre Table (V2),Ruddhania Flexible Furnitures,RUDDHANIA MODULAR TABLE 09,20000,20000,Published,18,0,Furniture
285,5116877-17165461379,Unbranded 1.5 Litre Rated Capacity of Electric Kettle,Electric Kettles and Jugs for Household and Similar Use as per IS 367 (V2),NA ,1.5 L Electric Kettle,1800,1800,Published,18,0,Home Appliances
286,5116877-98001381101,Thermosteel flask 1000 ml,Domestic Vacuum Flasks (V2) conforming to IS 7708,NA ,N.A.,1250,1250,Published,18,0,Home Appliances
287,5116877-5657325620,Digital watch,Wrist Watch,NA ,Digital watch,11999,11999,Published,18,0,Electronics
288,5116877-50151081423,Power Bank,Power Bank for Mobile and Laptops (V2),NA ,FM K8-8,26000,26000,Published,18,0,Computer & IT
289,5116877-15906072172,Cello 1000 ml Vacuum Flask,Domestic Vacuum Flasks (V2) conforming to IS 7708,Cello,Duro cupstyle 1000,1299,1299,Published,18,0,Home Appliances
290,5116877-52969720741,SKYBAGS MUMBA  AEPL (I/O)   LPBP BLACK,Office Bags (V2),Skybags,MUMBA,3300,3300,Published,18,0,Office Supplies
291,5116877-59768133830,LAYER 2 ACCESS WITCH UNMANAGED NON POE,Layer 2 Access Switch (V2),ANDA TELECOM,ATS-1008G,9000,9000,Published,18,0,Computer & IT
292,5116877-56287586873,CREATIVE LAB Stainless Steel (304) Tongs (Chimta) ( 400 mm X 16 mm X 3 mm ),Domestic Tongs(Chimta),CREATIVE LAB,CREATIVE LAB MODEL NO. CLDT-01,2000,2000,Published,18,0,Kitchen & Dining
293,5116877-24387880806,Small Bowl,Enamel Bowl,NA ,Small Bowl,3500,3500,Published,18,0,Kitchen & Dining
294,5116877-91210914614,Soup spoon,Spoon (V2) Conforming to IS 16286,NA ,Soup spoon,100,100,Published,18,0,Kitchen & Dining
295,5116877-3052481576,Ceramic Dinner Plate,Dining Plates (V3),Bharat,Ceramic Dinner Plate,480,480,Published,18,0,Furniture
296,5116877-77364001564,Wooden Coasters set with Rot iron Case,Glass Coasters,NA ,Wooden Coasters set with Rot iron Case,680,680,Published,18,0,Miscellaneous
297,5116877-54123321017,TEA STRAINER CODE NO-2,Domestic Strainers or Colanders Tea Strainer (Defence),NA ,TEA STRAINER 3 INCH DIAMETER,1000,1000,Published,18,0,Kitchen & Dining
298,5116877-93359904455,Clay Craft Mona Gold Line Cup Saucer 150 ml approx,Tea Set (V2),Clay Craft,Clay Craft Mona Gold Line Cup Saucer 150 ml approx,1549,1549,Published,18,0,Kitchen & Dining
299,5116877-67489221435,CELLO Armour Vacuum Insulated Carafe 1500ML,Domestic Vacuum Flasks (V2) conforming to IS 7708,Cello,CELLO FLASK,2099,2099,Published,18,0,Home Appliances
300,5116877-96322094419,DINNER SET,Dinner Set (V2),NA ,SPL/DGQA DINNER SET,12500,12500,Published,18,0,Kitchen & Dining
301,5116877-26977985959,D-link Cat 6 Information Outlet Qualilty Of D-link Face Plate With Gang Box Single port,CAT 6 Information outlet,NA ,D-link Cat 6 Information Outlet Qualilty Of D-link Face Plate With Gang Box Single port,558,558,Published,18,0,Miscellaneous
302,5116877-75254359422,TUMBLER GLASS WITH LID,Glass Tableware (V2) Conforming to IS 1961,MENGINER,TUMBLER GLASS WITH LID,300,300,Published,18,0,Furniture
303,5116877-42190358867,AVB Stainless Steel Jugs (Defence),Stainless Steel Jugs (Defence),AVB,AVB Stainless Steel Jugs (Defence),2500,2500,Published,18,0,Kitchen & Dining
304,5116877-78956811815,PLATE,Dining Plates (V3),Navkar,DIN PLATE,1750,1750,Published,18,0,Furniture
305,5116877-3975090438,HAIR TRIMMER,Hair Trimmer,NA ,HAIR TRIMMER KTC,4444,4444,Published,18,0,Miscellaneous
306,5116877-241039635,pigeon,Electric Kettles and Jugs for Household and Similar Use as per IS 367 (V2),Pigeon,HOT KETTLE,1045,1045,Published,18,0,Home Appliances
307,5116877-93528868829,TVS ELECTRONICS A4 and Legal Monochrome (Black) Laser Computer Printer,Computer Printer (V2),TVS ELECTRONICS,LZ4MS30WD00301,23990,23990,Published,18,0,Computer & IT
308,5116877-52942226009,Plastic Chairs,Plastic Chairs For General Purposes conforming To Is 13713 (V3),MXWL--MAXWELL & COMPANY,RMX-09,9000,9000,Published,18,0,Furniture
309,5116877-22699771240,LAPCARE LMN22WD_ 3YR,Computer Monitor (V2),LAPCARE,LMN22WD,20799,20799,Published,18,0,Computer & IT
310,5116877-62962968972,SN-26NW,Computer Printer (V2),TVS ELECTRONICS,LZ4MS26WS00301,19990,19990,Published,18,0,Computer & IT
311,5116877-89347709787,"surya Wax Thermal Ribbon , 75 Meters",Thermal Ribbon,surya,DLQ3500RIBBONS,4400,4400,Published,18,0,Office Supplies
312,5116877-28649618199,TNPL A4 80 GSM,Plain Copier Paper (V3) ISI Marked to IS 14490,TNPL,TNPL,312,312,Published,18,0,Office Supplies
313,5116877-90683556350,Reflection-80 GSM-A4,Plain Copier Paper (V3) ISI Marked to IS 14490,Reflection Multipurpose Copier Paper,Reflection Multipurpose Copier Paper,425,425,Published,18,0,Office Supplies
